image_name,number_label
517325_12_31hvps_13,
429028_1_31hvps_13,
462683_25_20hvps_4,
925759_6_31hvps_13,
1866677_23_31hvps_13,
82903_2_27hvps_9,
67932_5_30hvps_11,
337850_1_02hvps_16,
215673_2_02hvps_16,
1690227_2_31hvps_13,
11233_1_27hvps_9,
1015202_2_31hvps_13,
606164_4_31hvps_13,
717968_1_31hvps_13,
643337_7_31hvps_13,
1197198_7_31hvps_13,
66907_1_02hvps_16,
2013277_3_20hvps_4,
136772_1_23hvps_6,
62391_5_02hvps_16,
79340_2_31hvps_12,
17814_3_25hvps_7,
344944_23_01hvps_14,
45895_1_01hvps_14,
172098_1_30hvps_11,
3253229_12_23hvps_6,
644936_3_31hvps_13,
411613_1_31hvps_13,
521115_1_31hvps_12,
1270684_7_19hvps_3,
190633_7_20hvps_4,
22525_1_25hvps_7,
44984_3_02hvps_16,
397067_4_25hvps_7,
396561_11_25hvps_7,
65144_21_19hvps_3,
880050_2_31hvps_13,
237091_5_31hvps_13,
145490_2_27hvps_9,
78486_1_31hvps_12,
2324658_3_23hvps_6,
381023_3_25hvps_7,
364720_1_31hvps_13,
503801_2_31hvps_12,
716452_1_31hvps_13,
185575_1_31hvps_12,
31226_14_29hvps_10,
1827678_27_20hvps_4,
34199_20_29hvps_10,
1014383_8_31hvps_13,
246402_30_20hvps_4,
178152_1_31hvps_12,
1810368_5_31hvps_13,
240257_11_31hvps_12,
337330_1_02hvps_16,
71939_41_30hvps_11,
350827_1_02hvps_16,
2656818_2_19hvps_3,
3594462_2_23hvps_6,
68515_10_02hvps_16,
1765899_6_31hvps_13,
469991_8_31hvps_13,
240011_1_20hvps_4,
38858_1_01hvps_14,
346781_2_02hvps_16,
1814484_5_31hvps_13,
854429_1_31hvps_13,
183886_1_31hvps_12,
52863_1_19hvps_3,
90744_6_01hvps_14,
720037_3_31hvps_13,
632164_4_31hvps_13,
218875_1_31hvps_12,
204267_5_20hvps_4,
34064_1_29hvps_10,
545926_4_30hvps_11,
1027862_2_31hvps_13,
77459_1_30hvps_11,
171592_1_31hvps_13,
378700_2_31hvps_13,
904348_3_31hvps_13,
990522_4_31hvps_13,
2000085_49_20hvps_4,
1125994_7_31hvps_13,
1839863_1_20hvps_4,
26625_1_07hvps_23,
38423_21_29hvps_10,
897801_4_31hvps_13,
413327_2_25hvps_7,
335294_3_19hvps_3,
410166_3_31hvps_13,
35884_1_06hvps_21,
63090_1_23hvps_6,
200874_6_02hvps_16,
2030584_7_31hvps_13,
298331_1_19hvps_3,
356217_1_02hvps_16,
46655_1_23hvps_6,
129631_1_27hvps_9,
466636_4_31hvps_13,
1735726_1_31hvps_13,
41519_4_23hvps_6,
511330_1_31hvps_13,
97795_14_22hvps_5,
1086342_33_31hvps_13,
352318_46_19hvps_3,
657642_6_07hvps_22,
60484_41_07hvps_23,
183654_1_31hvps_12,
657116_2_07hvps_22,
679140_9_31hvps_13,
380732_1_02hvps_16,
52710_1_19hvps_3,
37651_24_25hvps_7,
272978_1_31hvps_12,
1477104_7_19hvps_3,
440873_5_31hvps_13,
1847_7_06hvps_21,
40719_5_01hvps_14,
76347_12_30hvps_11,
528015_3_31hvps_13,
241911_5_20hvps_4,
1834755_2_31hvps_13,
1293211_13_31hvps_13,
28291_1_29hvps_10,
89385_1_27hvps_9,
542113_1_31hvps_13,
228890_10_02hvps_16,
78714_5_30hvps_11,
556921_8_31hvps_13,
1802182_11_31hvps_13,
471258_4_31hvps_13,
82588_2_31hvps_12,
39480_2_01hvps_14,
1836350_7_31hvps_13,
311032_2_19hvps_3,
261422_7_20hvps_4,
89452_12_19hvps_3,
423215_4_31hvps_13,
153851_3_02hvps_16,
185564_1_02hvps_16,
361738_23_07hvps_22,
170370_1_31hvps_13,
534898_3_31hvps_13,
57821_2_25hvps_7,
28309_6_29hvps_10,
369473_1_25hvps_7,
72950_2_30hvps_11,
70558_1_29hvps_10,
71457_7_19hvps_3,
177686_1_31hvps_12,
73460_3_31hvps_12,
29308_5_06hvps_21,
39254_1_01hvps_14,
19105_2_29hvps_10,
185275_17_31hvps_12,
1863563_24_31hvps_13,
874660_1_31hvps_13,
1313614_5_19hvps_3,
1835870_2_20hvps_4,
1437838_1_19hvps_3,
38331_19_29hvps_10,
631217_3_31hvps_13,
777378_6_23hvps_6,
111247_11_20hvps_4,
2312624_1_23hvps_6,
641735_11_31hvps_13,
361685_3_07hvps_22,
151131_5_06hvps_21,
1832207_1_20hvps_4,
55168_3_01hvps_14,
492941_1_31hvps_12,
111635_37_27hvps_9,
114908_1_26hvps_8,
342706_1_02hvps_16,
2527330_6_19hvps_3,
171816_1_23hvps_6,
562891_3_31hvps_13,
1823319_1_20hvps_4,
177483_8_30hvps_11,
1264860_1_19hvps_3,
486082_15_31hvps_13,
3163907_3_23hvps_6,
1823667_1_20hvps_4,
593001_2_31hvps_13,
3184484_1_23hvps_6,
1777591_3_31hvps_13,
473160_9_31hvps_13,
383211_3_31hvps_13,
97545_1_19hvps_3,
958305_1_31hvps_13,
171670_2_31hvps_13,
587157_4_31hvps_13,
82876_1_31hvps_12,
1468794_5_19hvps_3,
167721_1_31hvps_13,
1850920_34_20hvps_4,
27506_1_29hvps_10,
42551_1_01hvps_14,
1441705_9_19hvps_3,
